ats,companySlug,urlType,title,jobUrl,indiaMentioned,marketingLeadership,snippet
greenhouse,oliverseapac,post,Job Application for GTM Marketing Manager at OLIVER Agency ...,https://boards.greenhouse.io/oliverseapac/jobs/7442926,yes,yes,"Location: Bangalore, India. Work Timings: 5:30am to 2:30pm ... We're looking for a highly skilled and strategic Product Marketing Manager to join our team."
greenhouse,appliedintuition,post,Careers | Automation engineering & more - Applied Intuition,https://boards.greenhouse.io/appliedintuition/jobs/4692876005,yes,no,"Marketing Manager. Sunnyvale, California, United States. Sunnyvale, California ... Firmware Engineer (Founding Team). Bengaluru, Karnataka, India. Bengaluru, ..."
greenhouse,fingerprint,post,Fingerprint Careers - Join Our 100% Remote Team,https://boards.greenhouse.io/fingerprint/jobs/5992297004,yes,no,"Senior Product Marketing Manager - USRemote. People. HR Business Partner - R&DRemote. Product. TPM, Admin & Management WorkflowsRemote. RevOps. Senior Revenue ..."
greenhouse,abbyy,post,Jobs at ABBYY - Greenhouse,https://boards.greenhouse.io/abbyy/jobs/4807518101,yes,no,"Marketing. Job. Demand Generation and Field Marketing (6 - 8 months contract) ... Bangalore, India (Hybrid) · Principal Machine Learning Engineer, Document AI ..."
greenhouse,nebius,post,Open positions at Nebius: Find your role,https://boards.greenhouse.io/nebius/jobs/4816975101,yes,no,"Growth Marketing Manager , Tavily. Marketing. Remote - United States · GSI ... Marketing Operations Manager. Marketing. Remote - United States · Mechanical ..."
greenhouse,monks,post,Media Buyer (Remote) - Monks,https://boards.greenhouse.io/monks/jobs/5986076004,yes,no,Partner with Product Marketing Managers to achieve their goals and develop integrated campaign programs. What We Need: 4-5+ years experience in paid media ...
greenhouse,clickhouse,post,Job Application for Partner Sales Manager-India at ClickHouse,https://boards.greenhouse.io/clickhouse/jobs/6001185004,yes,no,"Develop and execute joint account plans, campaigns, and demand-generation activities with priority partners. Drive joint forecasting, pipeline visibility ..."
greenhouse,mariadbplc,post,Jobs at MariaDB plc - Greenhouse,https://boards.greenhouse.io/mariadbplc/jobs/4839415101,yes,no,"ESER - Engineering - Server. Job. Senior Software Engineer - Runtime. Remote - India ... Marketing Manager - EMEA (French or German Required). London, England ..."
greenhouse,litmos,post,Jobs at Litmos - Greenhouse,https://boards.greenhouse.io/litmos/jobs/4336340101,yes,no,India. Go-To-Market. Marketing. Job. Senior Product Marketing ManagerNew. United ... Engineering. Job. Principal EngineerNew. India · Senior Fullstack Software ...
greenhouse,telixus,post,Find a job - Telix Pharmaceuticals,https://boards.greenhouse.io/telixus/jobs/4677221006,yes,no,"Director Upstream Product Marketing PSMA Late Stage. Updated: Thursday, 21 May 2026. Apply Now. USA- Remote. Fellow, Nonclinical Sciences. Updated: Thursday, 21 ..."
greenhouse,primexbt,post,Job Application for Regional Marketing ManagerIPBS at primexbt,https://boards.greenhouse.io/primexbt/jobs/4861338101,no,yes,"As Regional Marketing Manager for IPBS, you own the marketing roadmap for one of the fastest-growing trading audiences in the world. You will translate ..."
greenhouse,smartbear,post,Job Application for Analyst Relations Manager at SmartBear,https://boards.greenhouse.io/smartbear/jobs/7671021003,no,no,"6–8+ years of experience in Analyst Relations, Product Marketing, or related B2B SaaS roles. • Proven success managing relationships with firms like Gartner ..."
greenhouse,crunchyroll,post,"GTM & Partner Marketing, Interactive Experiences, Senior ...",https://boards.greenhouse.io/crunchyroll/jobs/7376786?gh_jid=7376786&gh_src=70b15d081us,no,no,"8+ years experience in GTM, partnership, or product marketing within mobile games, interactive platforms, entertainment, or consumer tech, with ownership of end ..."
greenhouse,banyansoftware,post,Element34 at Banyan Software - Director of Sales - Greenhouse,https://boards.greenhouse.io/banyansoftware/jobs/5015577007,no,no,You combine enterprise sales acumen with hands-on demand generation experience. Qualifications. Required. 5–8 years of B2B SaaS sales experience with ...
greenhouse,duolingo,post,Duolingo Careers,https://boards.greenhouse.io/duolingo/jobs/8400588002?utm_source=Drive+Capital+job+board&utm_medium=getro.com&gh_src=Drive+Capital+job+board,no,no,Develop the best education in the world and make it universally available.
greenhouse,theknotworldwide,post,"Senior Director, Consumer Marketing - Greenhouse",https://boards.greenhouse.io/theknotworldwide/jobs/4974233008?utm_source=Spectrum+Equity+job+board&utm_medium=getro.com&gh_src=Spectrum+Equity+job+board,no,yes,"Lead Cross-Functional Collaboration: Partner closely with Product, Business Managers, and Marketing leadership (Product Marketing, Creative, CRM, Media, and ..."
greenhouse,alphasense,post,"Manager, Pre-Sales Consultant - Greenhouse",https://boards.greenhouse.io/alphasense/jobs/8533559002?utm_source=Tribeca+Venture+Partners+job+board&utm_medium=getro.com&gh_src=Tribeca+Venture+Partners+job+board,no,no,"Building impactful relationships with cross-functional leaders (Sales, Account Management, Sales Enablement, Product, Marketing, etc.) to ensure alignment ..."
greenhouse,pingcap,post,"Job Application for Senior Marketing Manager ,India at TiDB",https://job-boards.greenhouse.io/pingcap/jobs/4173848009,yes,yes,"As we expand our footprint in India, we are looking for a Senior Marketing Manager who is ready to take our brand and community presence to the next level. The ..."
greenhouse,gitlab,post,"Senior Regional Marketing Manager, India - Greenhouse",https://job-boards.greenhouse.io/gitlab/jobs/8493033002,yes,yes,"You'll join a fully remote, globally distributed team that works asynchronously with account executives, marketing operations, product marketing, and external ..."
greenhouse,oliverseapac,post,Job Application for GTM Marketing Manager at OLIVER Agency,https://job-boards.greenhouse.io/oliverseapac/jobs/7442926,yes,yes,"Role: Product Marketing Manager. Location: Bangalore, India. Work Timings: 5:30am to 2:30pm. About the role: We're looking for a highly skilled and strategic ..."
greenhouse,enterpret,post,Founding Director of Product Marketing - Greenhouse,https://job-boards.greenhouse.io/enterpret/jobs/7622115003,no,yes,We're looking for a Founding Director of Product Marketing who can turn strategic narrative into market momentum. You'll work side by side with the VP of ...
greenhouse,monsterenergyapac,post,Marketing Manager (Gujarat & Rajasthan ) - Greenhouse,https://job-boards.greenhouse.io/monsterenergyapac/jobs/4233187009,no,yes,"As Marketing Manager, you'll lead the charge in driving change across the Asia marketing organization. You'll hunt for operational gaps, tear down ..."
greenhouse,ethoslife,post,Senior Marketing Operations Manager - Greenhouse,https://job-boards.greenhouse.io/ethoslife/jobs/8181687002,no,yes,"We're looking for an experienced Senior Marketing Operations Manager to oversee the delivery and analysis of Ethos' CRM lifecycle campaigns, with an emphasis on ..."
greenhouse,skillsoft,post,Current Opportunities - Careers - Skillsoft,https://job-boards.greenhouse.io/skillsoft/jobs/4631122005,yes,no,"India - Hyderabad. Manager, Software Engineering. Product and Technology Department. Apply Now. India - Remote. Event Marketing Manager. Marketing Department."
greenhouse,miqdigital,post,Job Application for Product Marketing Manager at MiQ Digital,https://job-boards.greenhouse.io/miqdigital/jobs/8306895002,yes,yes,"Role: Product Marketing Manager. Location: Mumbai. What you'll do. We're MiQ, a global programmatic media partner for marketers and agencies."
greenhouse,scopely,post,APAC Marketing Operations Manager - Greenhouse,https://job-boards.greenhouse.io/scopely/jobs/5141567008,yes,yes,"APAC Marketing Operations Manager. IN - Bangalore, India. APPLY. We are ... Product Marketing Manager (PMM). Oversee the optimization of DM, Channel ..."
greenhouse,conga,post,Principal Partner Marketing Manager - Greenhouse,https://job-boards.greenhouse.io/conga/jobs/5103665007,no,yes,"As Principal Partner Marketing Manager, you will play a crucial role in defining the GTM strategies and building a deep relationship with our partners. Are You ..."
greenhouse,stripe,post,"Consumer Product Marketing Lead, Link - Stripe",https://job-boards.greenhouse.io/stripe/jobs/7947510,no,yes,"Product Marketing is a highly cross-functional role at Stripe, partnering closely with Product and Engineering, Sales, Partnerships, Demand Generation and ..."
greenhouse,figma,post,Careers at Figma,https://job-boards.greenhouse.io/figma/jobs/5621177004?gh_jid=5621177004,no,no,"Head of Marketing, LATAM (São Paulo, Brazil) · Launch Strategy, Brand & Comms · Manager, Advocacy · Product Marketing Manager, Monetization · Regional Marketing ..."
greenhouse,neysanetwork,post,Digital Growth Marketing Lead - Greenhouse,https://job-boards.greenhouse.io/neysanetwork/jobs/4230872009,yes,yes,"6 days ago · Role : Digital Growth Marketing Lead,. Location :Mumbai, India Reporting to: Director of Marketing. Role summary."
greenhouse,oliverseapac,post,Product Marketing Manager - Greenhouse,https://job-boards.greenhouse.io/oliverseapac/jobs/7920892,yes,yes,"As an Android Product Marketing Manager for Google in India, you will be responsible for building and establishing Android as the OS of choice. You will be ..."
greenhouse,alphasense,post,"Marketing Manager, MarketResearch.com - Greenhouse",https://job-boards.greenhouse.io/alphasense/jobs/8524008002,no,yes,"As our primary Marketing Manager, you will lead the development of our demand generation strategy and oversee end-to-end campaign execution to support sales ..."
greenhouse,udemy,post,Careers | About Udemy,https://job-boards.greenhouse.io/udemy/jobs/5437714004,yes,no,"Udemy is headquartered in San Francisco with global offices in Australia, India, Ireland, Türkiye, and the US. ... Senior Marketing Manager. Remote, Japan. Sales ..."
greenhouse,wizinc,post,Careers at Wiz,https://job-boards.greenhouse.io/wizinc/jobs/4646850006,yes,no,Public Sector Account Executive - North India. Sales. /Field Sales. Delhi ... Senior Product Marketing Manager. Marketing. /Brand & Product. Remote - USA.
greenhouse,inovalon,post,Careers with Inovalon - View Openings,https://job-boards.greenhouse.io/inovalon/jobs/7714847003,yes,no,"Senior Director, Product Marketing- Life Science Remote- United States ... Hyderabad, India. Staff Software Engineer Gurugram, India. Staff Software ..."
greenhouse,harnessinc,board,Careers at Harness: Open Positions & Job Opportunities,https://job-boards.greenhouse.io/harnessinc?error=true,yes,no,"Marketing Operations (1), Product Marketing (2), People & Workplace (3), People ... Bengaluru, Karnataka, India. Apply. Customer Success, Customer ..."
greenhouse,gitlab,board,Jobs at GitLab - Greenhouse,https://job-boards.greenhouse.io/gitlab?keyword=CUstomer,yes,no,"Lead Product Marketing Manager, Pricing and Packaging. Remote, Canada; Remote, US. Marketing. Regional Marketing. Job. Senior Regional Marketing Manager, India."
greenhouse,newrelic,post,Job Application for Senior Field Marketing Manager at New Relic,https://job-boards.greenhouse.io/newrelic/jobs/5213974008,no,yes,"Senior Field Marketing Manager · 7-10 years experience working in Field Marketing, preferably in the B2B technology space · With experience in trade shows, ..."
greenhouse,oliverseapac,post,Job Application for Social Marketing Manager at OLIVER Agency,https://job-boards.greenhouse.io/oliverseapac/jobs/7898925,yes,yes,"Location: Mumbai, India. About the role: We are hiring a Social Marketing Manager to shape and grow the social presence for a creator-focused audience in India."
greenhouse,nice,post,Careers at NiCE,https://job-boards.greenhouse.io/nice/jobs/4857847101,yes,no,"India - Mumbai, India - Pune, India - Remote, Israel - Raanana, Japan, Japan ... Product Marketing Manager, Actimize. USA - Hoboken, NJ · Sales Enablement ..."
greenhouse,wekatest,board,Careers - WEKA,https://job-boards.greenhouse.io/wekatest?error=true,yes,no,"Director of Strategic Alliances - Server OEM Partners - U.S. Remote. U.S. Remote. Read More. Marketing. Senior Field Marketing Manager, Middle East & Africa ..."
greenhouse,scopely,post,Job Application for Senior Product Marketing Manager at Scopely,https://job-boards.greenhouse.io/scopely/jobs/5086908008,no,yes,"Drive GTM execution in collaboration with UA, ASO, and Product Marketing Manager teams. Represent creative and marketing strategy in cross-functional planning ..."
greenhouse,alphasense,post,"Director, Product Marketing – International (EMEA & APAC)",https://job-boards.greenhouse.io/alphasense/jobs/8445015002,no,yes,We are hiring a Director of Product Marketing – International (EMEA and APAC) to define how AlphaSense wins across our priority international markets. This is ...
greenhouse,stripe,post,Marketing Operations Manager - Stripe,https://job-boards.greenhouse.io/stripe/jobs/7805386,no,yes,"You will recruit, manage, and develop a group of Marketing Operations Associates and team leads that are focused on delivering repeatable, measurable programs/ ..."
greenhouse,stripe,post,"Product Marketing Manager, Apps and Ecosystem - Stripe",https://job-boards.greenhouse.io/stripe/jobs/7913503,no,yes,"What you'll do. We're looking for an experienced Product Marketing Manager to own the positioning, messaging, and go-to-market strategy for Stripe Apps, ..."
greenhouse,alphasense,post,"Senior Product Marketing Manager, API, Security & Infrastructure",https://job-boards.greenhouse.io/alphasense/jobs/8540789002,no,yes,"We're looking for a seasoned, highly technical Product Marketing Manager to own the technical narrative and content strategy for AlphaSense's complex AI ..."
greenhouse,fivetran,board,Careers at Fivetran,https://job-boards.greenhouse.io/fivetran?error=true,no,no,"Marketing Business Analyst · Product Growth Partner · Senior Product Marketing Manager, EMEA · Business Development Representative, Enterprise - Spanish Speaker."
greenhouse,tide,post,Senior Performance Marketing Manager - Greenhouse,https://job-boards.greenhouse.io/tide/jobs/7669104003,no,yes,"As a Senior Performance Marketing Manager at Tide, you will play a key role in driving the growth of our UK market. Working closely with the Performance ..."
greenhouse,oliverseapac,post,Social & Influencer Marketing Manager - oliver - Greenhouse,https://job-boards.greenhouse.io/oliverseapac/jobs/7904038,no,yes,Social & Influencer Marketing Manager · BA/BS degree or equivalent experience. · 6+ years' experience in social media and influencer marketing (agency or client ...
greenhouse,oliverseapac,post,"Job Application for APAC Consumer Apps, Product Marketing ...",https://job-boards.greenhouse.io/oliverseapac/jobs/7703322,no,no,"About the role: As a Product Marketing Specialist, you'll lead product launch marketing for our Technology client, ensuring go-to-market success. You'll define ..."
greenhouse,alphasense,post,Job Application for Event Marketing Manager at AlphaSense,https://job-boards.greenhouse.io/alphasense/jobs/8501406002,no,yes,"AlphaSense Marketing is a revenue focused marketing team that encompasses demand generation, product marketing, corporate communications, PR / AR, brand, ..."
lever,ajax,post,Ajax Systems - B2B Marketing Manager (India) - Lever,https://jobs.lever.co/ajax/443bc3bc-10ca-4686-8b56-aa45a2b57346/apply,yes,yes,B2B Marketing Manager (India). Bengaluru / Mumbai / Delhi. Marketing ... Product marketing. Do you have experience in Product Marketing?✱. Submit ...
lever,fampay,post,Product Marketing Manager (Engagement & Retention) - Fam,https://jobs.lever.co/fampay/7c0e51fd-0210-4bce-80d7-5276a91c53c4,no,yes,"We're looking for a Product Marketing Manager to build and scale Fam's lifecycle and engagement engine. This is a 1→10 role — you'll own CRM end-to-end, drive ..."
lever,gohighlevel,post,Product Marketing Associate I - HighLevel - Lever,https://jobs.lever.co/gohighlevel/7a0a301c-5941-4934-8549-a1de5161dc33,yes,no,"Location: India, Remote. Schedule: 2PM - 11PM IST ... We're seeking a dynamic Product Marketing Associate passionate about all aspects of product marketing."
lever,tala,post,Product Marketing Manager - Tala - Lever,https://jobs.lever.co/tala/d962ded8-d03e-484b-8b25-18e6d1a9e39d,no,yes,"Product Marketing Manager ... Tala is AI-native credit infrastructure for the global majority, combining proprietary risk intelligence with an expanding network ..."
lever,hevodata,post,Hevo Data - Technical Product Marketing - Lever,https://jobs.lever.co/hevodata/251010a4-5da6-4c8c-afe1-4c6f4ee45be8/apply,yes,no,"Technical Product Marketing. Bangalore, India. Marketing – Marketing /. Full time /. On-site. Submit your application. LinkedIn profile. Loading... Apply with ..."
lever,teikametrics,post,Marketing Operations Manager - Teikametrics - Lever,https://jobs.lever.co/teikametrics/b8692a4b-7c8d-41ee-81fd-78d5a85ae8a7,yes,yes,"Marketing Operations Manager. India / Remote. Finance & Operations ... You'll work closely with product marketing, demand generation, digital, and ..."
lever,binance,post,Marketing Manager - Binance - Lever,https://jobs.lever.co/binance/18406f8a-a537-461f-81a7-954abe4745ea/apply?ref=DecentraJobs&utm_source=DecentraJobs&utm_term=DecentraJobs&source=DecentraJobs,no,yes,Marketing Manager · Submit your application · Links · General Questions · Which language(s) can you speak at a native or professional (business) level?
lever,aeratechnology,post,Aera Technology - Senior Product Marketing Manager - Lever,https://jobs.lever.co/aeratechnology/ab68d401-eef1-4c3f-a48f-eb9ab405cd65/apply,no,yes,"Senior Product Marketing Manager. Mountain View, CA, USA. Marketing – Product Marketing /. Full-time /. Hybrid. Submit your application. LinkedIn profile."
lever,shieldai,post,Shield AI - Senior Field Marketing Manager - Eastern Europe,https://jobs.lever.co/shieldai/4fe88e9b-b46f-4316-92c7-4a4bbd16a4e2,no,yes,"Senior Field Marketing Manager - Eastern Europe. Warsaw ... 8–12 years of experience in field marketing, demand generation, or integrated marketing roles ..."
lever,ajax,post,Ajax Systems - B2B Marketing Manager (India) - Lever,https://jobs.lever.co/ajax/443bc3bc-10ca-4686-8b56-aa45a2b57346,yes,yes,"B2B Marketing Manager (India) · Ajax Systems is an international tech company and the largest manufacturer of security systems in Europe, with over 4.5 million ..."
lever,dealerware,post,Product Marketing Manager - Dealerware - Lever,https://jobs.lever.co/dealerware/5654f30b-7a66-44b1-9cb1-b3e42ca86824/apply,no,yes,Product Marketing Manager · Submit your application · Links · Product Marketing Manager 2026 Questions · Location Question · Sponsorship Question · Referral?
lever,captivateiq,post,"Director, Marketing Operations - CaptivateIQ - Lever",https://jobs.lever.co/captivateiq/72db91f9-0769-46cd-a3d6-d306e7d2d9cb/apply?ref=levels.fyi&src=levels.fyi&utm_source=levels.fyi&lever-origin=applied&lever-source%5B%5D=levels.fyi,no,yes,Director of Marketing OPs. What Tech Stacks are you an expert in? Have you been a player coach before? U.S. Equal Employment Opportunity information ...
lever,fantasy,post,Fantasy - Head of Growth - Lever,https://jobs.lever.co/fantasy/2a639005-221e-4990-9a71-a407db657c9e/apply,yes,yes,Head of Growth. Remote. New Business – Business Development /. Full Time /. Remote. Submit your application. Resume/CV. ATTACH RESUME/CV. Couldn't auto-read ...
lever,aeratechnology,post,Aera Technology - Senior Product Marketing Manager - Lever,https://jobs.lever.co/aeratechnology/ab68d401-eef1-4c3f-a48f-eb9ab405cd65,yes,yes,"We are looking for a seasoned and highly motivated Senior Product Marketing Manager ... (India), and Sydney (Australia). So join us, and let's build this ..."
lever,colibrigroup,post,B2B Marketing Manager - Colibri Group - Lever,https://jobs.lever.co/colibrigroup/48578eb2-6d2e-484b-97a4-aa3c8800be28/apply?lever-origin=applied&lever-source%5B%5D=BuiltInNationwide,yes,yes,B2B Marketing Manager. 1 Remote. Accounting – Marketing /. Full Time /. Remote. Submit your application. Resume/CV ✱. ATTACH RESUME/CV. Couldn't auto-read ...
lever,Mediafly,post,Mediafly - Product Marketing Manager - Lever,https://jobs.lever.co/Mediafly/0131c6f1-d256-4518-9a5b-1f56bee35278/apply,yes,yes,Product Marketing Manager. Remote - Canada / Remote - US. Marketing /. Full-time /. Remote. Submit your application. Which location are you applying for? Select ...
lever,kobie,post,"Kobie Marketing - Manager, Software Engineering - Lever",https://jobs.lever.co/kobie/a41a4ee6-1645-4eb8-8687-f541dea2ffac,no,yes,"Kobie, a 35-year veteran of the loyalty industry, a multi-year Forrester Leader, and USA Top Workplace is expanding its global footprint by establishing a ..."
lever,extremenetworks,post,Senior MarTech Solution and Innovation Manager - Lever,https://jobs.lever.co/extremenetworks/9ab76726-748b-41c3-b0ce-b367e9da5c97,yes,yes,Senior MarTech Solution and Innovation Manager -Sr Marketing Manager. Bangalore. Marketing – Marketing Business Strategy / Marketing Operations /. Fulltime /.
lever,binance,post,Binance - Marketing Manager - Czech Republic & Slovakia,https://jobs.lever.co/binance/6ff9b296-2564-44fd-9c2e-907c3e541a9c/apply,no,yes,Marketing Manager - Czech Republic & Slovakia · Submit your application · Links · General Questions · Source Of Applicants.
lever,altaml,post,Marketing Manager - AltaML - Lever,https://jobs.lever.co/altaml/ed089a9a-6f35-4b9d-839b-70b4b1f687d1/apply,no,yes,Marketing Manager. Edmonton. AltaML – Marketing & Communications /. Full-time /. Hybrid. Submit your application. Resume/CV ✱. ATTACH RESUME/CV. Couldn't auto- ...
lever,dronedeploy,post,DroneDeploy - Senior Demand Generation Manager (USA),https://jobs.lever.co/dronedeploy/8190f579-3e7d-4f0e-9f1e-1c83a45dfb28/apply,yes,yes,"Senior Demand Generation Manager (USA). Remote. Marketing – Demand Generation ... India, Indonesia, Iran, Iraq, Ireland, Isle of Man, Israel, Italy, Ivory Coast ..."
lever,tovala,post,"Tovala - Growth Marketing Manager, Paid Social - Lever",https://jobs.lever.co/tovala/c28d0e9a-5600-40e9-a3bd-e74b39370877/apply,no,yes,"Growth Marketing Manager, Paid Social. Chicago, IL or West Valley, UT. Marketing & Growth /. Full-time /. Hybrid. Submit your application. Resume/CV ✱. ATTACH ..."
lever,drivetrain,post,Drivetrain - Associate - Product Marketing - Lever,https://jobs.lever.co/drivetrain/e1d2e2b2-d9a5-40f6-b3c7-fbc75a715608,no,no,The ideal candidate will collaborate across functions to deliver an effective product marketing strategy to meet the business objectives in the most efficient ...
lever,filevine,post,Filevine - Performance Marketing Manager - Lever,https://jobs.lever.co/filevine/2e9bef9a-0386-4817-808f-7a078154a2e3/apply?lever-origin=applied&lever-source%5B%5D=BuiltInNationwide,yes,yes,"Performance Marketing Manager. Chicago, IL. Marketing – Marketing /. Full-time ... India, Indonesia, Iran, Iraq, Ireland, Isle of Man, Israel, Italy, Ivory Coast ..."
lever,pointclickcare,post,Product Marketing Manager (Advanced Insights/AI) - Lever,https://jobs.lever.co/pointclickcare/93484616-e57d-4520-b390-5c99134ef82e/apply,no,yes,"Product Marketing Manager (Advanced Insights/AI). Mississauga, Ontario. PointClickCare – Marketing /. Full-Time /. Hybrid. Submit your application. LinkedIn ..."
lever,xsolla,post,Global Experiential Marketing Manager - APAC / Japan based,https://jobs.lever.co/xsolla/32fe2d42-d742-48af-8540-9aaa5ad84e2d/apply,no,yes,Global Experiential Marketing Manager - APAC / Japan based. Tokyo. B2B Marketing – Events: APAC /. Full time /. On-site. Submit your application. LinkedIn ...
lever,greenlight,post,Senior Performance Marketing Manager - Lever,https://jobs.lever.co/greenlight/b0617a86-5b6c-4c26-bd02-5063653aa2fc/apply?lever-origin=applied&lever-source%5B%5D=BuiltInNationwide,yes,yes,"Senior Performance Marketing Manager. Atlanta (Remote Friendly). Marketing ... India, Japan, Korea, Malaysia, Pakistan, the Philippine Islands, Thailand ..."
lever,spotify,post,"Product Marketing Manager, Measurement - Spotify - Lever",https://jobs.lever.co/spotify/f3919cc9-83f3-43b5-84ab-7fc55004bce5/apply,yes,yes,"Product Marketing Manager, Measurement. New York, NY / Los Angeles, CA ... India, Indonesia, Iran, Iraq, Ireland, Isle of Man, Israel, Italy, Ivory Coast ..."
lever,economicmodeling,post,Lightcast - Director of Product Marketing - 1022 - Lever,https://jobs.lever.co/economicmodeling/5041e2a8-772c-45e0-b682-ed44b2cc8318,no,yes,"15+ years of product marketing experience, preferably in the B2B SaaS or data analytics sector. · Experience in labor market intelligence, HR tech, workforce ..."
lever,jobgether,post,Inbound Marketing Manager - Jobgether - Lever,https://jobs.lever.co/jobgether/927cbfdb-31cc-4875-8162-fa13b4c7a60a,no,yes,"In this role, you will lead the development of a high-performing inbound marketing engine focused on LinkedIn content, organic demand generation, and ..."
lever,teamsnap,post,TeamSnap - Senior Demand Generation Marketing Manager,https://jobs.lever.co/teamsnap/7e620832-2931-4be9-8ca1-654446a77f1f/apply,yes,yes,Senior Demand Generation Marketing Manager. Remote. Marketing – Marketing /. Full-time /. Remote. Submit your application. LinkedIn profile. Loading... Apply ...
lever,gohighlevel,board,HighLevel - Lever,https://jobs.lever.co/gohighlevel,yes,no,Product Marketing. Apply · Product Marketing Associate I. Remote — Employee IndiaIndia · Apply · Product Marketing Coordinator. Remote — EOR MexicoMexico.
lever,arootah,post,Arootah - Marketing Manager - Client Role - Lever,https://jobs.lever.co/arootah/991a91d0-c7d5-471c-9d43-44924e400106/apply,no,yes,Marketing Manager - Client Role. Midtown Manhattan. Client Partnerships /. Full Time Permanent /. On-site. Submit your application. LinkedIn profile. Loading ...
lever,upguard,post,UpGuard - Senior Product Marketing Manager - Lever,https://jobs.lever.co/upguard/772f6cb6-300b-4715-8488-c542c49ec238/apply,yes,yes,"Senior Product Marketing Manager. Sydney / Melbourne / Hobart / Brisbane ... India, Indonesia, Iran, Iraq, Ireland, Isle of Man, Israel, Italy, Ivory Coast ..."
lever,giddyup,post,Performance Marketing Manager - GiddyUp - Lever,https://jobs.lever.co/giddyup/572695bb-9a19-4af2-abb0-6c2788bf33ec/apply,yes,yes,Performance Marketing Manager. Remote. Performance Marketing – Performance Marketing Strategy /. Full-time /. Remote. Submit your application. Resume/CV ✱.
lever,kobie,post,"Kobie Marketing - Manager, Software Engineering - Lever",https://jobs.lever.co/kobie/a41a4ee6-1645-4eb8-8687-f541dea2ffac/apply,yes,yes,"Salary Expectations - India. What is your annual salary expectation for ... General Questions India. Do you currently live in Bengaluru, India?✱. Select ..."
ashby,chainalysis-careers,post,VP of Marketing @ Chainalysis,https://jobs.ashbyhq.com/chainalysis-careers/729367fe-dffa-4ef4-9c5d-f414d7d1aabb,no,yes,"As Vice President of Marketing you will help the company continue to grow by driving customer acquisition through various marketing channels. Reporting directly to our Chief Revenue Officer, you will be responsible for demand generation, customer ..."
ashby,superpower,post,Head of Marketing / CMO @ Superpower,https://jobs.ashbyhq.com/superpower/68cbef11-549d-4bbb-ab5f-d1192f84f6d4,no,yes,"March 30, 2026 - Head of Marketing"
ashby,chief,post,Marketing Operations (Contract) @ Chief,https://jobs.ashbyhq.com/chief/aa4bc48c-2a25-4875-83fc-8ae91cc56743,no,yes,"ABOUT US: Chief is a private network of the most powerful women executives in business. Our mission is to maximize the leadership impact of our members. Our network represents more than 10,000 companies including 77% of the Fortune 100, and nearly 40% of our members are in the C-Suite."
ashby,delinea,post,"Sr. Marketing Manager, Demand Generation @ Delinea",https://jobs.ashbyhq.com/delinea/12420027-5112-4497-9c4d-f144c521e482,no,yes,"About Delinea: Delinea is a pioneer in securing human and machine identities through intelligent, centralized authorization, empowering organizations to seamlessly govern their interactions across the modern enterprise. Leveraging AI-powered intelligence, Delinea’s leading cloud-native Identity ..."
ashby,go-augment,post,Senior Growth Marketing Manager @ Augment,https://jobs.ashbyhq.com/go-augment/7061dbf5-9d86-4701-990a-8c5b8608d98c,no,yes,You need to enable JavaScript to run this app
ashby,writer,post,Senior product marketing manager @ Writer,https://jobs.ashbyhq.com/writer/84b83e5e-9314-46ce-b6bf-f3d9a46a7967,no,yes,You need to enable JavaScript to run this app
ashby,creatoriq,post,Chief Marketing Officer @ CreatorIQ,https://jobs.ashbyhq.com/creatoriq/7e382825-ce20-4b4a-86c3-2c3ca3a6d697,no,yes,"CreatorIQ is the operating system for creator-led growth trusted by more than 1,300 global brands and agencies. We’re on a mission to make businesses more human, and humans more impactful. We operate by our values — be intentional, pursue excellence every day, embrace the journey together, ..."
ashby,substack,post,"Marketing Manager, Creator Marketing @ Substack",https://jobs.ashbyhq.com/substack/94a77486-48ff-484d-bb01-f197155cd855,no,yes,You need to enable JavaScript to run this app
ashby,pebl,post,Chief Marketing Officer @ Pebl,https://jobs.ashbyhq.com/pebl/99ae1bf0-3d09-40d7-b4a9-cb951ce88a65/application,no,yes,"Purpose in Every Position Pebl puts a world of talent at your fingertips. With our AI-powered Global Work Platform™, companies can hire, pay, and manage employees in 185+ countries—removing risk, red tape, and guesswork from global growth. Backed by more than a decade of compliance leadership ..."
ashby,moraleshr,post,Chief Marketing Officer @ MoralesHR,https://jobs.ashbyhq.com/moraleshr/fc85ab9a-e4ac-468d-ab8e-5bab3fc0f5f7,yes,yes,"February 13, 2025 - Client: Confidential Consumer Company Job Type: FTE Location: Remote US Range: Competitive Compensation As Chief Marketing Officer (CMO), you will lead the company’s global marketing strategy, playing a pivotal role in shaping the marketing vision, leading transformative growth i"
ashby,fathom.video,post,Head of Product Marketing @ Fathom,https://jobs.ashbyhq.com/fathom.video/84f02b43-db34-4aef-a41f-650c574da427,no,yes,"Fathom, the #1 AI Notetaker, is hiring a Head of Product Marketing to shape how we position the product, launch new features, and drive our PLG growth engine."
ashby,ramp,post,Performance Marketing Manager | SEM @ Ramp,https://jobs.ashbyhq.com/ramp/5b617390-2efc-47e4-a32d-2bc7c1c6d260,no,yes,You need to enable JavaScript to run this app
ashby,writer,post,"Director, product marketing @ WRITER",https://jobs.ashbyhq.com/writer/cac65257-1596-4056-997c-2202077c317e,no,yes,You need to enable JavaScript to run this app
ashby,ramp,post,Senior Product Marketing Manager @ Ramp,https://jobs.ashbyhq.com/ramp/cdc3cb5a-8c6d-4820-86cf-5f9daa2b41fc,no,yes,You need to enable JavaScript to run this app
ashby,demandbase,post,"Product Marketing Manager, Sales Product @ Demandbase",https://jobs.ashbyhq.com/demandbase/463c7086-827b-40ef-b11a-526d7683816c,no,yes,"Introduction to Demandbase: Demandbase is the only pipeline AI platform that empowers GTM teams to automate growth at scale. With a unified view of data, insights, actions, and outcomes, B2B enterprises can seamlessly align and execute their account-based GTM strategies with confidence."
ashby,dandy,post,Head of Product Marketing @ Dandy,https://jobs.ashbyhq.com/dandy/452f52db-4a5d-4983-9e29-9a13cf5b3e57,no,yes,"Dandy is transforming the massive and antiquated dental industry—an industry worth over $200B. Backed by some of the world’s leading venture capital firms, we’re on an ambitious mission to simplify and modernize every function of the dental practice through technology."
ashby,synonym,post,Director of Marketing @ Synonym,https://jobs.ashbyhq.com/synonym/9d94c94e-3b07-4eaa-a9d9-69f17d451482,no,yes,"Synonym’s Director of Marketing will be responsible for defining and executing on our overall demand generation strategy across several product offerings. This will include creating a marketing playbook, developing brand and product marketing materials, leading demand generation, and managing extern"
ashby,ChartHop,post,Senior Marketing Manager: Growth & Demand Generation @ ChartHop,https://jobs.ashbyhq.com/ChartHop/654fdc8b-db47-4ba8-9d80-e1dbc9176787,no,yes,"Growth & Demand Gen at exciting HR tech, Series C start-up!"
ashby,perplexity,post,Product Marketing Manager @ Perplexity,https://jobs.ashbyhq.com/perplexity/5ec96ca1-319a-4b85-99ce-e06629099cf9,no,yes,Perplexity is revolutionizing how companies get work done. We are seeking a Product Marketing Manager to join our team and serve as the strategic bridge between our product reality and market impact. You will architect the external narrative of our products and amplify their value to inspire adoptio
ashby,abridge,post,Marketing Operations Manager @ Abridge,https://jobs.ashbyhq.com/abridge/bdaa91e3-12cb-4707-ac3a-0b6fe44e1d13,no,yes,You need to enable JavaScript to run this app
ashby,lakera.AI,post,Marketing Operations Manager - AI Security @ Lakera - Jobs,https://jobs.ashbyhq.com/lakera.AI/da7230cb-fa5a-4042-abd3-6e79fbbeccbf/application?ashby_jid=32a92101-5b75-4714-95a4-8a8297fada6b,no,yes,Marketing Operations Manager - AI Security ; Location. San Francisco ; Employment Type. Full time ; Location Type. Hybrid ; Department. Marketing.
ashby,notion,post,"Enterprise Product Marketing, GTM @ Notion - Jobs",https://jobs.ashbyhq.com/notion/5f986e92-f668-4c9b-8b13-3de9cfe737e2/application,no,no,"... Product Marketing, GTM lead to own sales enablement, competitive intelligence, and ROI strategy for Notion's enterprise business. You'll build the single ..."
ashby,bestow,post,Senior Product Marketing Manager @ Bestow - Jobs,https://jobs.ashbyhq.com/bestow/54d885bb-c270-47e5-b837-373219152393/application,no,yes,"... Product Marketing Manager is the connective tissue between what we build and how we bring it to market. You'll own platform positioning and messaging, lead ..."
ashby,kong,post,"Country Manager, India @ Kong - Jobs",https://jobs.ashbyhq.com/kong/b24cf9b8-cbd8-40b4-bbd2-e5cc8ee656d7,yes,no,"Forge powerful cross-functional partnerships with product, marketing, and customer success teams to create a unified strategy that drives customer success and ..."
ashby,socure,post,Senior Product Marketing Manager - Fraud Suite @ Socure - Jobs,https://jobs.ashbyhq.com/socure/a677d8c6-52c3-47b5-b579-68d7c5a1ee24/application?ashby_jid=169a30d0-cb29-4ba3-bebd-cfebd2e49a9b,no,yes,"... Product Marketing Manager for our Fraud Suite will develop and execute product marketing strategies to drive awareness, adoption, and growth for Socure's ..."
ashby,certifyos,post,GTM Engineer @ CertifyOS - Jobs,https://jobs.ashbyhq.com/certifyos/2efc03ff-163c-4529-a034-9433a32953c4?utm_source=Upfront+Ventures+job+board&utm_medium=getro.com&gh_src=Upfront+Ventures+job+board,no,no,"16 May 2026 · This is a hands-on, high-leverage role at the intersection of engineering, marketing operations, and revenue strategy — built for someone who ..."
ashby,Plaud,board,Plaud - Jobs,https://jobs.ashbyhq.com/Plaud,yes,no,Go-to-Market Manager - Tokyo. Global Brand & MKT Center • Tokyo • Full time • Hybrid · Influencer Marketing Manager - India ... Technical Product Marketing ...
ashby,hackerone,post,Senior Integrated Campaign Marketing Manager @ HackerOne,https://jobs.ashbyhq.com/hackerone/78ab0ddb-2b78-421f-b78c-7b4b3a9c3d9d,no,yes,"HackerOne is hiring a Senior Integrated Campaign Marketing Manager to join the Growth team, reporting to the Senior Director of Brand and Growth Revenue."
ashby,lumana,post,Product Marketing Leader @ Lumana - Jobs,https://jobs.ashbyhq.com/lumana/864f1df4-481c-4862-8f87-042201284d58/application?embed=js,no,yes,We're hiring a Product Marketing leader in a high-impact role. Join our fast-moving team and help shape the future of video security. Apply now!
ashby,semgrep,post,"Growth Marketing Manager, PLG @ Semgrep - Jobs",https://jobs.ashbyhq.com/semgrep/84b60f7d-b12f-4afb-add5-84c283dd3923/application,no,yes,"What excites you most about Semgrep? You have 4+ years of experience in growth marketing, product marketing, or a hybrid role at a B2B SaaS company ..."
smartrecruiters,JobTeaser,post,"JobTeaser is looking for a Chief Marketing Officer - CMO in Paris, France",https://jobs.smartrecruiters.com/JobTeaser/743999654598921-chief-marketing-officer-cmo,no,yes,Pilotage d’une agence pour les Relations Presse2) Marketing B to B : Entreprises et Ecoles / Universités (management de 5 personnes : 3 personnes en marketing Ecoles et Universités et 2 personnes en marketing Entreprises) ... c. Promotion : création de supports de vente au service de l’équipe Sales 
smartrecruiters,Shippeo,post,"Shippeo is looking for a Chief Marketing Officer in Paris, France",https://jobs.smartrecruiters.com/Shippeo/743999725846612-chief-marketing-officer,no,yes,"As Chief Marketing Officer, your objective will be to design and execute the marketing activities to contribute to Shippeo’s market awareness and to the growth of our business. ... Reporting to the Chief Operating Officer, our CMO will lead the following functions for Shippeo globally: Lead and buil"
smartrecruiters,Leetchi,post,"Leetchi - MANGOPAY is looking for a Chief Marketing Officer (CMO) in Paris, France",https://jobs.smartrecruiters.com/Leetchi/743999743639876-chief-marketing-officer-cmo-,no,yes,"Membre du comité stratégique de Leetchi, rattaché·e au COO Leetchi, notre futur·e CMO portera la vision marketing et en sera le/la garant·e. Cette personne incarnera la vision marketing de Leetchi.com et la diffusera aux différents pôles qui composent son équipe : Branding and Community ManagementCR"
smartrecruiters,SEEK,post,"SEEK is looking for a Chief Marketing Officer in Kuala Lumpur, Federal Territory of Kuala Lumpur, Malaysia",https://jobs.smartrecruiters.com/SEEK/743999757442196-chief-marketing-officer,no,yes,"The RoleThe SEEK Asia’s Chief Marketing Officer role is based in Kuala Lumpur and reports to the Chief Executive Office for SEEK Asia, Peter Bithos and sits on the SEEK Asia Executive Team.The CMO is responsible for building and evolving the JobStreet and JobsDB brand for both sides of the marketpla"
smartrecruiters,TransglobalRecruiting,post,"Transglobal Recruiting is looking for a Chief Marketing Officer in Seattle, WA",https://jobs.smartrecruiters.com/TransglobalRecruiting/92469790-chief-marketing-officer,no,yes,Chief Marketing Officer The role will lead the Marketing and Communications strategy and execution for the client company and will report to the CEO. You will play a critical role developing the brand into a leading and industry recognized software ...
smartrecruiters,ConsidineSearch,post,ConsidineSearch is looking for a Chief Marketing Officer in Floor Seven,https://jobs.smartrecruiters.com/ConsidineSearch/77123932-chief-marketing-officer,no,yes,"Drive and implement all marketing activities to ensure on-brand positioning and awareness across all aspects of the marketing mix, inbound and outbound, including: brand management, lead generation, content marketing, sales enablement, public relations, partner & channel marketing, digital marketing"
smartrecruiters,smartrecruiters,post,"SmartRecruiters Inc is looking for a Vice President, Product Marketing in United Sates, Remote, United States",https://jobs.smartrecruiters.com/smartrecruiters/744000104499581-vice-president-product-marketing,yes,yes,"January 26, 2026 - As the Vice President of Product Marketing (VP, PMM), you will be a key member of the SmartRecruiters Executive Leadership Team (ELT), with primary responsibility for how SmartRecruiters shows up in the market. Reporting the CMO, you will lead the global Product Marketing function"
smartrecruiters,LaneCapitalPartners,post,"Lane Capital Partners is looking for a Chief Marketing Officer- Lane Boots in 1101 Avenue G, Arlington, TX 76011, USA",https://jobs.smartrecruiters.com/LaneCapitalPartners/743999687902512-chief-marketing-officer-lane-boots,no,yes,"The CMO will work closely with both internal and external partners to meet growth objectives. This role will be highly focused on balancing the strategy between the brick and mortar retail and the ecommerce go to market plans and sales. In this position, the CMO will utilize skills in digital market"
smartrecruiters,Tithely,post,"Tithe.ly is looking for a Vice President of Marketing in Remote, Remote, United States",https://jobs.smartrecruiters.com/Tithely/3743990010433445-vice-president-of-marketing,yes,yes,"The ideal candidate is a strategic, data-driven, and mission-minded leader who can scale systems, develop people, and directly link marketing performance to company growth in a product-led environment. They will have a strong background in demand generation (across organic, paid top of funnel). ... "
smartrecruiters,Flywire1,post,"Flywire is looking for a VP, Product Marketing in Boston, MA, USA",https://jobs.smartrecruiters.com/Flywire1/744000117695093,no,yes,"The leader in this role will directly work with product to influence what we build, how we bring it to market, and how effectively we turn innovation into revenue. You will work closely with the Chief Commercial Officer, Chief Product Officer, Chief Payments Officer, CTP and exec team on decisions t"
smartrecruiters,EWave,post,"eWave is looking for a Chief Marketing Officer in London, UK",https://jobs.smartrecruiters.com/EWave/743999714693753-chief-marketing-officer,no,yes,"Collaborating closely with the Senior Leadership team, the Chief Marketing Officer will be responsible for ensuring we reach, engage and grow our global market share. We are seeking an experienced leader who will take an active role in planning, execution and leadership across all global marketing a"
smartrecruiters,Infobip,post,"Infobip is looking for a Head of Marketing APAC in Cyberjaya, Selangor, Malaysia",https://jobs.smartrecruiters.com/Infobip/743999702259935-head-of-marketing-apac,no,yes,"Purpose The Head of Marketing is a team lead role with a direct reporting line towards Region Managing director and indirect reporting towards the Director of Marketing at HQ. The purpose of the position is to hire, lead, develop and coordinate ..."
smartrecruiters,PaloAltoNetworks2,post,"Palo Alto Networks is looking for a Commercial Hub Marketing Manager in Malaysia, 01, Malaysia",https://jobs.smartrecruiters.com/PaloAltoNetworks2/744000092208045--commercial-hub-marketing-manager,no,yes,"Establish and maintain processes for lead capture, routing, tracking, and reporting to ensure transparency and efficiency in partner-driven demand generation."
smartrecruiters,DoclerHolding,post,"Docler Holding is looking for a Chief Marketing Officer in 44 Av. John F. Kennedy, 1855 Luxembourg",https://jobs.smartrecruiters.com/DoclerHolding/743999770673440-chief-marketing-officer,no,yes,"Develop strong and innovative digital marketing strategies, using SEO, PPC, and other techniques to drive traffic to company pages and generate interest in company products and services."
smartrecruiters,BoschGroup,post,"Bosch Group is looking for a Marketing Manager - Accessories in Arkadia Green Park Tower G 7th Floor, Rt.1/RW.1, Kebagusan, Pasar Minggu, Jakarta Selatan, DKI Jakarta, Indonesia",https://jobs.smartrecruiters.com/BoschGroup/744000028554568-marketing-manager-accessories,no,yes,"Creates pricing for all products, thereby ensuring market competitiveness, profit maximization and achieving of through-put margin required by each Business UnitFormulates/ creates all promotional activities and supervises their implementationCreates Brand value activities for the market and supervi"
smartrecruiters,JobTeaser,post,"JobTeaser is looking for a Chief Marketing Officer H/F in 19 Rue Blanche, 75009 Paris, France",https://jobs.smartrecruiters.com/JobTeaser/743999724041892-chief-marketing-officer-h-f,no,yes,"As Chief Marketing Officer, you’ll report to the CEO and play a key role in the Executive Leadership team, with a crucial impact on the global group strategy. You’ll be responsible for JobTeaser’s branding and brand awareness, as well as JobTeaser’s growth on both BtoB accounts and ..."
smartrecruiters,Flywire1,post,"Flywire is looking for a Field Marketing Manager, Americas - Education in Boston, MA, USA",https://jobs.smartrecruiters.com/Flywire1/744000111679426-field-marketing-manager-americas-education,no,yes,You will build digital campaigns that generate pipeline and orchestrate events that deepen client engagement. You will partner closely with sales and cross-functional teams to deliver demand progr...
smartrecruiters,AccorHotel,post,"AccorHotel is looking for a Marketing Manager in Washington, DC, USA",https://jobs.smartrecruiters.com/AccorHotel/744000116174784-marketing-manager,no,yes,"Company Description: Why work for Accor? We are far more than a worldwide leader. We welcome you as you are and you can find a job and brand that matches your personality. We support you to grow and learn every day, making sure that work brings purpose to your life, so that during your journey ..."
smartrecruiters,PharmaCannis,post,"PharmaCannis is looking for a Director of Marketing in PharmaCann, Greater Chicago Area, IL, us",https://jobs.smartrecruiters.com/PharmaCannis/743999674577766-director-of-marketing,no,yes,"This role will manage a complex marketing effort executed state by state adhering to each state’s marketing regulations. In this environment, the Director of Marketing will need to achieve a level of marketing standardization and consistency across state operations and contribute to meeting aggressi"
smartrecruiters,Flywire1,post,"Flywire is looking for a Product Marketing Manager, B2B in Boston, MA, USA",https://jobs.smartrecruiters.com/Flywire1/744000119370385-product-marketing-manager-b2b,no,yes,"The Opportunity:As Flywire continues to scale its B2B software and payments platform, Product Marketing plays a central role in how we turn product capability into market impact.This role sits at the intersection of Product and Go to Market. The focus is straightforward."
smartrecruiters,Sertis,post,"Sertis is looking for a Chief Marketing Officer in Bangkok, Thailand",https://jobs.smartrecruiters.com/Sertis/743999664075167-chief-marketing-officer,no,yes,"As the Chief Marketing Officer, you will be responsible for overseeing all operations in Sertis, regarding Marketing and Communication."
smartrecruiters,Tidepool,post,"Tidepool is looking for a Head of Marketing in Palo Alto, CA, United States",https://jobs.smartrecruiters.com/Tidepool/744000110304835-head-of-marketing,yes,yes,"Proven track record of building demand generation programs that drive measurable revenue or user growth. Exceptional ability to synthesize complex technical and clinical concepts into simple, persuasive storytelling. Experience leading remote teams and operating as a peer partner to Product and Sale"
smartrecruiters,Visa,post,"Visa is looking for a Customer Journey Marketing Product Manager in Austin, TX",https://jobs.smartrecruiters.com/Visa/744000117935347-customer-journey-marketing-product-manager,no,yes,"March 31, 2026 - Design and execute AI‑powered demand generation strategies that integrate predictive scoring, automated nurturing, and pipeline acceleration. Develop and manage campaign orchestration frameworks, ensuring consistency across channels (email, ..."
smartrecruiters,Nexthink,post,"Nexthink is looking for a Principal Product Marketing Manager in Boston, MA, USA",https://jobs.smartrecruiters.com/Nexthink/744000108596991-principal-product-marketing-manager-,no,yes,"Own GTM strategy for major launches and cross-sell initiatives, aligning tightly with Product, Sales, and Growth Marketing. Drive competitive positioning, pricing narratives, and value frameworks that accelerate adoption and revenue. Operate with urgency, ensuring our messaging keeps pace with the v"
smartrecruiters,DNAnexus,post,"DNAnexus is looking for a Product Marketing Director, Therapeutics & AI in Boston, MA, USA",https://jobs.smartrecruiters.com/DNAnexus/744000109012116-product-marketing-director-therapeutics-ai,no,yes,"February 13, 2026 - We are seeking a high-caliber product marketing leader to own the commercial narrative for our Biopharma and AI solutions. Reporting directly to the SVP of Marketing, this is a high-leverage position for a strategist who excels at the intersection of precision medicine, advanced "
smartrecruiters,marketsgroup2,board,Careers at Markets Group,https://careers.smartrecruiters.com/marketsgroup2,no,no,Careers at Markets Group. Find Great Talent with Career Pages. | powered by SmartRecruiters | Find Great Talent with a Career Page.
smartrecruiters,marketsandmarkets1,board,Careers at Markets and Markets,https://careers.smartrecruiters.com/marketsandmarkets1,no,no,Careers at Markets and Markets. Find Great Talent with Career Pages. | powered by SmartRecruiters | Find Great Talent with a Career Page.
smartrecruiters,NYMarketingFirm,board,Careers at NY Marketing Firm,https://careers.smartrecruiters.com/NYMarketingFirm,no,no,Careers at NY Marketing Firm. Find Great Talent with Career Pages. | powered by SmartRecruiters | Find Great Talent with a Career Page.
smartrecruiters,MarketIndex,board,Careers at Market Index,https://careers.smartrecruiters.com/MarketIndex,no,no,Careers at Market Index. Find Great Talent with Career Pages. | powered by SmartRecruiters | Find Great Talent with a Career Page.
jobvite,rightpoint,post,Rightpoint is looking for Chief Marketing Officer (CMO).,https://jobs.jobvite.com/rightpoint/job/oeXPgfw0,no,yes,"This role will drive the vision, strategy and execution for all elements of an integrated end-to-end marketing function, including media, brand, product and solution marketing, content and thought leadership, campaigns, demand generation, digital ..."
jobvite,netatwork,post,Net at Work is looking for a great Chief Marketing Officer.,https://jobs.jobvite.com/netatwork/job/ondfdfwM,no,yes,"The Chief Marketing Officer (CMO) oversees and is accountable for all activities and performance of the marketing department. The CMO will create, support and be accountable to the companywide Marketing budget."
jobvite,mcbain-demo,post,Jobvite Demo is looking for Director of Marketing.,http://jobs.jobvite.com/mcbain-demo/job/om9W9fwk,no,yes,"As Director of Marketing, you will be responsible for online and traditional marketing campaign management, including planning, execution, optimization, growth, and budget management."
jobvite,edelmanfinancialengines,post,Edelman Financial Engines is looking for Director of Marketing Program Management and Operational Excellence.,https://jobs.jobvite.com/edelmanfinancialengines/job/obQsifwv,no,yes,"In addition, you will work closely with the Vice President of Marketing Operations to evolve project management performance metrics, implement process improvement initiatives, and deploy marketing workflow and automation tools."
jobvite,nlight,post,nLIGHT is looking for a great Director of Marketing Communications.,https://jobs.jobvite.com/nlight/job/oHPpffwU,no,yes,nLIGHT is looking for a great Director of Marketing Communications. Learn more or Jobvite a friend.
workable,writesonic,post,Product Marketing Manager - Writesonic - Jobs By Workable,https://apply.workable.com/writesonic/j/96048CCAF3/,no,yes,"We're looking for a Product Marketing Manager who ships launches, builds sales weapons, and turns product releases into pipeline. This is not a positioning-and- ..."
workable,pulse-labs,post,"Panel Marketing Manager - Pulse Labs AI, Inc.",https://apply.workable.com/pulse-labs/j/44F4AAF7D4,yes,yes,Panel Marketing Manager — Remote (India). Applicants must be based in India. This role requires availability during key US business hours (late India hours).
workable,tentworks-interactive,post,Digital Marketing Manager - Tentworks Interactive,https://apply.workable.com/tentworks-interactive/j/87333F7224/,no,yes,We are seeking a dynamic and results-driven Marketing Manager to lead the marketing initiatives for Becoming Pablo and strengthen the Tentworks Interactive ...
workable,skysun-4,post,Marketing Manager - SkySun - Jobs By Workable,https://apply.workable.com/skysun-4/j/200EBEB360/,no,yes,"This role sits directly under the Head of Marketing and acts as the central engine that translates strategy into high-quality, on-time delivery across teams. If ..."
workable,school-of-coding,post,Senior Marketing Manager - School of Coding,https://apply.workable.com/school-of-coding/j/D92AD5AE86/,no,yes,"As Senior Marketing Manager, you will: Lead and manage a marketing team of seven, including a Junior Marketing Manager, a Graphic Designer and five Marketing ..."
workable,writesonic,post,Head of Growth Marketing - Writesonic - Jobs By Workable,https://apply.workable.com/writesonic/j/074D6093B5/,no,yes,About the Role. We're looking for a Head of Growth Marketing who can drive enterprise pipeline while building category awareness. This is not a strategy role.
workable,blast,post,Head of Marketing: JioBlast - BLAST - Jobs By Workable,https://apply.workable.com/blast/j/D8D15C1B20,no,yes,"As the Head of Marketing, you will own the end-to-end marketing vision, strategy, and execution for JioBLAST and its portfolio of IPs, partnerships, and ..."
workable,valsoft-corp,post,Brand & Content Marketing Manager - Valsoft Corporation,https://apply.workable.com/valsoft-corp/j/0F82E5C762,no,yes,"You'll report to the Director of Marketing and play a key role in shaping how our hospitality brands communicate globally. Leading a network of writers, ..."
workable,wati-dot-i-o,post,Product Marketing Manager - Enablement - WATI.io,https://apply.workable.com/wati-dot-i-o/j/82C690C912,yes,yes,"2 days ago · Product Marketing Manager - Enablement. HybridProduct MarketingFull time. Bengaluru, Karnataka, India. OverviewApplication. Share this job."
workable,zenara-health,post,Product Marketing Manager - AI-Native Healthcare SaaS,https://apply.workable.com/zenara-health/j/2A9C8F601F,yes,yes,Product Marketing Manager - AI-Native Healthcare SaaS. RemoteFull time. India ... This role is based in India but focuses primarily on the US market. A ...
workable,pavago,post,Inbound Marketing Manager - Pavago - Application,https://apply.workable.com/pavago/j/EADC3470E0/apply/,yes,yes,"Inbound Marketing Manager (B2B Pipeline & Demand Generation)Position Type: Full-Time, Remote Working Hours: U.S. Business HoursAbout the RoleWe're hiring a ..."
workable,crewbloom,post,Chief Marketing Officer (CMO) - CrewBloom - Jobs By Workable,https://apply.workable.com/crewbloom/j/8FD53ABD58/,yes,yes,Chief Marketing Officer (CMO). RemoteINTERNAL. Philippines. India. Pakistan ... Growth & Demand Generation. Build and execute a full-funnel growth strategy ...
workable,writesonic,post,Product Marketing Manager - Writesonic - Application,https://apply.workable.com/writesonic/j/96048CCAF3/apply/,yes,yes,Product Marketing Manager. Remote. United States. India. OverviewApplication. Autofill application. Save time by importing your resume in one of the following ...
workable,messe-muenchen-india,post,Brand Executive/Manager - Messe Muenchen India,https://apply.workable.com/messe-muenchen-india/j/84234D4195,yes,yes,"Direct reporting to the Head of Marketing/CMO. •. Responsible for giving direction to marketing managers, whenever required. •. Responsible for conducting ..."
workable,skysun-4,board,SkySun - Current Openings - Jobs By Workable,https://apply.workable.com/skysun-4/,yes,no,"B2C Marketing Manager- US Market Exposure. Posted 4 days ago. On-siteFull time. Sahibzada Ajit Singh Nagar, Punjab, India. Posted 4 days ago ..."
workable,skysun-4,post,Marketing Manager - SkySun - Application - Workable Jobs,https://apply.workable.com/skysun-4/j/FD5CF48925/apply/,yes,yes,"JOB DESCRIPTION: MARKETING MANAGER (EXECUTION LEAD) Location: Work from Office, Mohali (Punjab) IndiaEmployment Type: Full time Shift Timing: 7:30 PM IST to ..."
workable,pulse-labs,post,"Panel Marketing Manager - Pulse Labs AI, Inc. - Workable Jobs",https://apply.workable.com/pulse-labs/j/16559F8374/apply/,yes,yes,"This role is 100% remote, but applicants must be based in India, and be willing to work crucial US hours - late India ... Panel Marketing Manager. RemotePanel ..."
workable,maker-lab,post,Senior Marketing Manager (GTM & Programme Management),https://apply.workable.com/maker-lab/j/913415D86F,no,yes,Role summary: Senior Marketing Manager (GTM). Drive APAC product launches and QBRs with a focus on analytical rigour and sharp narratives. You'll manage 360° ...
workable,azeus-convene,post,Regional Demand Generation (Marketing) Specialist - Azeus Convene,https://apply.workable.com/azeus-convene/j/018EF4CEB8,no,no,Azeus Systems Limited is looking for Regional Demand Generation Specialists for its multi-awarded and leading software solution.
workable,maker-lab,post,Marketing Manager (Web Operations) - Maker Lab - Application,https://apply.workable.com/maker-lab/j/D9C8BE09ED/apply/,yes,yes,Marketing Manager (Web Operations). Remote. India. OverviewApplication. Autofill application. Save time by importing your resume in one of the following formats ...
workable,2070health,post,Performance Marketing Manager - 2070 Health - 2070Health,https://apply.workable.com/2070health/j/1FE07DA1A4,yes,yes,"Performance Marketing Manager - 2070 Health. On-site2070 Health, GTMFull time. Bengaluru, Karnataka, India. OverviewApplication. Share this job. SVGs not ..."
workable,azeus-convene,post,Product Marketing Manager - B2B SaaS - Azeus Convene,https://apply.workable.com/azeus-convene/j/F3E3683746,yes,yes,"Product Marketing Manager - B2B SaaS. HybridMarketingFull time. Noida, Uttar Pradesh, India ... • Develop product marketing plan, strategies (pricing ..."
workable,lytegen-1,post,Head of Marketing and Growth - Lytegen - Workable Jobs,https://apply.workable.com/lytegen-1/j/210D431463,no,yes,"We are hiring a Head of Marketing and Growth to own the entire demand generation engine. This person will build and lead the marketing function, ..."
workable,wati-dot-i-o,post,Marketing Operations Lead - WATI.io - Jobs By Workable,https://apply.workable.com/wati-dot-i-o/j/6D5408806E/apply/,yes,yes,Marketing Operations Lead. RemoteOperationsFull time. India. OverviewApplication. Autofill application. Save time by importing your resume in one of the ...
workable,richpanel-1,post,Head of Growth - Richpanel - Jobs By Workable,https://apply.workable.com/richpanel-1/j/6F2227ED43,no,yes,"As Head of Growth at Richpanel, you'll own the entire demand generation strategy—from channel experimentation to content-led growth to marketing operations."
workable,can-i-build,post,Digital Marketing Manager (Growth & Performance),https://apply.workable.com/can-i-build/j/85520A5C8D,yes,yes,Digital Marketing Manager (Growth & Performance). RemoteIN MarketingFull time ... Competitive India-market salary & incentives; Fully remote role ...
workable,interpolitan-money,post,Marketing Operations Manager - Interpolitan Money - Application,https://apply.workable.com/interpolitan-money/j/26652D1A3C/apply/,no,yes,"Do you have at least 8 years of experience working with CRM, Marketing Automation, or Marketing Operations platforms? · Do you have a minimum of 5 years hands-on ..."
workable,weekday-1,post,Marketing Manager - Weekday AI - Jobs By Workable,https://apply.workable.com/weekday-1/j/D3214B6176,no,yes,We are looking for a Marketing Manager to join our team and drive digital marketing initiatives. The ideal candidate should have at least 1 year of hands-on ...
workable,careersactivatetalent,post,59418650795 - Head of Growth - Activate Talent,https://apply.workable.com/careersactivatetalent/j/D7C5141E4B/,no,yes,"They are hiring a Head of Growth to lead strategic initiatives across customer acquisition, activation, and market expansion. This role is ideal for someone who ..."
workable,luxasia,post,Marketing Manager - LUXASIA - Workable Jobs,https://apply.workable.com/luxasia/j/B1B3CB2D15/,no,yes,"Marketing Manager is responsible for the communication and maintenance of global brand values, aligning market and brand strategies, providing a clear vision ..."
workable,iglooinsure,post,Regional Growth Marketing Manager - Igloo - Workable Jobs,https://apply.workable.com/iglooinsure/j/EA8E640FF0,no,yes,"Deep expertise in demand generation, SEO, performance marketing, CRM, and product marketing; Strong data and analytical skills, with experience using metrics ..."
workable,can-i-build,post,Digital Marketing Manager (Growth & Performance) - Application,https://apply.workable.com/can-i-build/j/85520A5C8D/apply/,yes,yes,Digital Marketing Manager (Growth & Performance). RemoteIN MarketingFull time. India. OverviewApplication. Autofill application. Save time by importing your ...
workable,2070health,post,Performance Marketing Manager - 2070 Health - 2070Health,https://apply.workable.com/2070health/j/E6A1CDD27E/apply/,yes,yes,"Performance Marketing Manager - 2070 Health. On-site2070 Health, GTMFull time. Bengaluru, Karnataka, India. OverviewApplication. Autofill application. Save time ..."
workable,uworld,post,"Product Marketing Manager - UWorld, LLC - Application",https://apply.workable.com/uworld/j/A4A9BF10DB/apply/,yes,yes,"Product Marketing Manager. On-siteMarketingFull time. Hyderabad, Telangana, India ... Do you have 7+ years of experience in product marketing or digital marketing ..."
workable,pavago,post,Inbound Marketing Manager - Pavago - Jobs By Workable,https://apply.workable.com/pavago/j/EADC3470E0/,yes,yes,"Inbound Marketing Manager (B2B Pipeline & Demand Generation)Position Type: Full-Time, Remote Working Hours: U.S. Business HoursAbout the RoleWe're hiring a ..."
workday,cgm,post,Chief Marketing Officer (CMO) (m/f/d) - Myworkdayjobs.com,https://cgm.wd3.myworkdayjobs.com/en-US/cgm/job/Chief-Marketing-Officer--CMO---m-f-d-_JR109422,no,yes,"April 22, 2026 - Your Mission at CGM CompuGroup Medical operates in 19 countries with nearly 9,000 colleagues, building software that supports healthcare every day. You join a fast-moving, innovative environment where your work has real impact. Together, we are shaping the future of healthcare."
workday,salesforce,post,Product Marketing Manager - Myworkdayjobs.com,https://salesforce.wd12.myworkdayjobs.com/en-US/External_Career_Site/job/India---Hyderabad/Product-Marketing-Manager_JR318285/apply/useMyLastApplication?CF_-_REC_-_LRV_-_Job_Posting_Anchor_-_Country_from_Job_Posting_Location_Extended=c4f78be1a8f14da0ab49ce1162348a5e,no,yes,"November 29, 2025 - We're Salesforce, the Customer Company, inspiring the future of business with AI + Data + CRM. Leading with our core values, we help companies across every industry blaze new trails and connect with customers in a whole new way. And, we empower you to be a Trailblazer, too — driv"
workday,illumina,post,Senior Product Marketing Manager - Careers,https://illumina.wd1.myworkdayjobs.com/en-US/illumina-careers/job/Senior-Product-Marketing-Manager_41902-JOB-1,no,yes,"December 24, 2025 - What if the work you did every day could impact the lives of people you know? Or all of humanity? At Illumina, we are expanding access to genomic technology to realize health equity for billions of people around the world. Our efforts enable life-changing discoveries that are tra"
workday,nvidia,post,"Senior Product Marketing Manager, Industrial &amp; Computational Engineering",https://nvidia.wd5.myworkdayjobs.com/en-US/nvidiaexternalcareersite/job/Senior-Product-Marketing-Manager--Industrial---Computational-Engineering_JR2010623,no,yes,"December 22, 2025 - At NVIDIA, we’re solving the world’s most challenging problems with our unique approach to accelerated computing. We’re looking for a passionate marketing expert to join the NVIDIA team building our products to accelerate Computer-Aided Engineering Industries."
workday,nvidia,post,Senior Product Marketing Manager - Edge AI,https://nvidia.wd5.myworkdayjobs.com/en-US/NVIDIAExternalCareerSite/job/US-CA-Santa-Clara/Senior-Product-Marketing-Manager---Edge-AI_JR2004488/apply/applyManually?q=mba,no,yes,"December 7, 2025 - NVIDIA has continuously reinvented itself over two decades. Our invention of the GPU in 1999 sparked the growth of the PC gaming market, redefined modern computer graphics, and revolutionized parallel computing. More recently, GPU deep learning ignited modern AI — the next era of "
workday,deckers,post,"Sr. Director, Global Marketing Operations - HOKA",https://deckers.wd5.myworkdayjobs.com/en-US/Deckers/job/Sr-Director--Global-Marketing-Operations---HOKA_18347,no,yes,"More than Just a Footwear Company From our corporate offices to our global retail stores, there’s a curious, independent spirit that’s distinctively Deckers Brands. We’re about giving people the freedom to pursue their passions. And we’re committed to helping them succeed; to become ..."
workday,uchicago,post,Chief Marketing Officer - Careers - Myworkdayjobs.com,https://uchicago.wd5.myworkdayjobs.com/en-US/External/job/Chief-Marketing-Officer_JR26532,no,yes,"The University of Chicago is an urban research university that has driven new ways of thinking since 1890. Our commitment to free and open inquiry draws inspired scholars to our global campuses, where ideas are born that challenge and change the world. We empower individuals to challenge ..."
workday,qvc,post,Chief Marketing Officer - Cornerstone Brands,https://qvc.wd5.myworkdayjobs.com/en-US/QRG/job/Chief-Marketing-Officer---Cornerstone-Brands_R81143,no,yes,"January 9, 2026 - Working at QVC Group means joining a live social shopping company with incredible teams, ambitious projects and amazing careers. QVC Group, Inc. is a Fortune 500 company with six leading retail brands - QVC®, HSN®, and our four Cornerstone brands. The Cornerstone brands deliver ins"
workday,venbrook,post,Marketing Manager,https://venbrook.wd5.myworkdayjobs.com/en-US/Careers/job/Marketing-Manager_,no,yes,"JOB TITLE: Marketing Manager DEPARTMENT: Marketing | Reports to: Chief Marketing Officer (CMO) COMPANY OVERVIEW: Venbrook Group, LLC is a multi-division insurance holding company with subsidiaries engaged in retail and wholesale broking, employee benefits, programs, and claims services."
workday,workiva,post,Director of Marketing Operations - Careers,https://workiva.wd1.myworkdayjobs.com/en-US/careers/job/Director-of-Marketing-Operations_R10414,no,yes,Workiva is seeking a highly skilled and experienced Director of Marketing Operations to optimize our marketing automation infrastructure and scale global campaign execution. Reporting to the Sr.
workday,nvidia,post,"Director of Product Marketing, Industrial and Computational Engineering",https://nvidia.wd5.myworkdayjobs.com/en-US/nvidiaexternalcareersite/job/us-ca-santa-clara/director-of-product-marketing--industrial-and-computational-engineering_jr2010622/apply/autofillWithResume,no,yes,"December 25, 2025 - At NVIDIA, we’re solving the world’s most challenging problems with our unique approach to accelerated computing. We’re looking for a passionate marketing leader to join the NVIDIA team building products for Industrial & Computational Engineering. This role is responsible for bui"
workday,thoughtspot,post,"VP, Product Marketing - Become a Spotter",https://thoughtspot.wd5.myworkdayjobs.com/en-US/careers/job/US---Mountain-View/VP--Product-Marketing_2607,no,yes,"What's The Role? We are looking for a talented Product Marketing Leader with strong storytelling, go-to-market, and leadership skills. You will have the ability to work closely with Product, Demand Gen, and Sales teams to build an integrated ..."
workday,workiva,post,Product Marketing Director - Careers - Myworkdayjobs.com,https://workiva.wd1.myworkdayjobs.com/en-US/careers/job/Director-of-Product-Marketing_R9106-1,no,yes,"✅ About Workiva ✅ Life at Workiva ✅ Benefits & Perks ✅ DEIB at Workiva ✅ Workiva Newsroom ✅ Leadership Team Apply for open positions through your Workday account on our Internal Career Site. For questions, please reach out to the recruiter listed on the job posting."
workday,musc,post,Chief Communications and Marketing Officer - Enterprise Wide,https://musc.wd1.myworkdayjobs.com/en-US/MUSC/job/Chief-Communications-and-Marketing-Officer---Enterprise-Wide_R-0000047571,no,yes,"Job Description Summary The Chief Communications and Marketing Officer (CCMO) is responsible for internal and external communications and for all operations of marketing and communications services and leads the planning, coordination and ..."
workday,pru,post,"PGIM Private Capital - Vice President, Chief Marketing Officer",https://pru.wd5.myworkdayjobs.com/en-US/Careers/job/PGIM-Private-Capital---Vice-President--Chief-Marketing-Officer_R-118596-1,no,yes,"Prudential Financial, Inc. (NYSE: PRU), a global financial services leader and premier active global investment manager with approximately $1.4 trillion in assets under management as of Dec. 31, 2023, has operations in the United States, Asia, Europe, and Latin America."
workday,nytimes,post,"Managing Director, Product Marketing - Job Opportunities",https://nytimes.wd5.myworkdayjobs.com/en-US/NYT/job/Managing-Director--Product-Marketing_REQ-016196,no,yes,"For all Current NYT Job Opportunities, Please Visit our Newest Job Site: New York Times Job Opportunities Help shape the future of The New York Times Whether it’s bringing new truths to light through reporting, optimizing products and formats to deliver a world-class digital and app experience, ..."
workday,petvalu,post,Chief Marketing Officer - PetValu Careers - Myworkdayjobs.com,https://petvalu.wd3.myworkdayjobs.com/External_Career_Site_Pet_Valu_Canada/job/0001--Markham-Office/Chief-Marketing-Officer_R25166,no,yes,"February 17, 2026 - Location: Markham, Ontario Job Description: The Chief Marketing Officer (CMO) is a key member of the Executive Leadership Team responsible for defining, elevating, and protecting the Pet Valu brand across Canada. This role sets the enterprise-wide marketing and leads the strategi"
workday,venbrook,post,Marketing Manager - Careers - Myworkdayjobs.com,https://venbrook.wd5.myworkdayjobs.com/careers/job/remote---texas/marketing-manager_,no,yes,"April 7, 2026 - JOB TITLE: Marketing Manager DEPARTMENT: Marketing | Reports to: Chief Marketing Officer (CMO) COMPANY OVERVIEW: Venbrook Group, LLC is a multi-division insurance holding company with subsidiaries engaged in retail and wholesale broking, employee benefits, programs, and claims servic"
workday,gehc,post,Global Marketing Operations Manager - GE HealthCare Careers,https://gehc.wd5.myworkdayjobs.com/gehc_externalsite/job/remote/global-marketing-operations-manager_r4035968-1,no,yes,"February 12, 2026 - Job Description Summary The Global Marketing Operations Manager is a key member of the Global Marketing Operations team, supporting the execution, optimization, and governance of core marketing systems, processes, and programs."
workday,pultegroup,post,Division Director of Marketing,https://pultegroup.wd1.myworkdayjobs.com/en-US/PGI/job/Division-Director-of-Marketing_JR6039,no,yes,"JOB SUMMARY As a key collaborative ... is responsible for planning, developing and executing a sound marketing strategy to deliver sufficient volume of qualified leads necessary to meet Division net sign-up goals..."
workday,convatec,post,"Marketing Manager (Advanced Wound Care), India",https://convatec.wd1.myworkdayjobs.com/de-DE/ConvaTec/job/GAN-Gurgaon/Marketing-Manager--Advanced-Wound-Care---India_JR00018590/apply/useMyLastApplication,yes,yes,"... Marketing Manager reports to the Country General Manager and will be ... Marketing Manager (Advanced Wound Care), India. current step 1 of 6. step 2 of ..."
workday,genesys,post,Digital Marketing Manager - Careers at Genesys,https://genesys.wd1.myworkdayjobs.com/en-US/Genesys/job/Digital-Marketing-Manager_JR110959-1,yes,yes,"15 May 2026 · The Digital Marketing Manager for ANZ & India is responsible for the planning, execution, optimisation and reporting of digital marketing ..."
workday,athenahealth,post,AI Marketing Manager - Myworkdayjobs.com,https://athenahealth.wd1.myworkdayjobs.com/en-US/External/job/Bangalore---Whitefield-India/XMLNAME--AI-Marketing-Manager-_R14949,yes,yes,"28 Apr 2026 · Join athenahealth as an Al Marketing Manager based in Bangalore - Whitefield, India, in a hybrid work model. This role offers an exciting ..."
workday,thoughtspot,post,Senior Product Marketing Manager - Myworkdayjobs.com,https://thoughtspot.wd5.myworkdayjobs.com/en-US/careers/job/India---Bangalore/Senior-Product-Marketing-Manager_JR2103/apply/useMyLastApplication?utm_source=General+Catalyst+job+board&utm_medium=getro.com&gh_src=General+Catalyst+job+board,no,yes,The Role We are looking for a Senior Product Marketing Manager to contribute to our global product marketing strategy and execution for our analytics
workday,momentive,post,Regional Marketing Manager - Electronics - Myworkdayjobs.com,https://momentive.wd1.myworkdayjobs.com/en-US/MC/job/Regional-Marketing-Manager---Electronics_R9213,yes,yes,India Marketing Manager will be responsible for developing and executing India market strategies within Electronics Materials Segment. This will include ...
workday,ag,post,Marketing Manager - Myworkdayjobs.com,https://ag.wd3.myworkdayjobs.com/en-US/Airbus/job/Marketing-Manager_JR10405993,no,yes,"28 Apr 2026 · Marketing Manager ... Job Description: Manage autonomously all types of campaign cases and accounts, including joint Aircraft and Services ..."
workday,csagroup,post,"Marketing Manager, India - Logo - Myworkdayjobs.com",https://csagroup.wd3.myworkdayjobs.com/en-US/csagroup/job/Marketing-Manager--India_R004586,yes,yes,We are looking for an experienced and creative strategic Marketing Manager to join an innovative marketing team that plays a critical role in the growth of CSA ...
workday,fmc,post,Area Marketing Manager-Ahilyanagar (Agriculture background ...,https://fmc.wd12.myworkdayjobs.com/FMC/job/Mumbai-India/Area-Marketing-Manager-Ahilyanagar--Agriculture-background-only-_R-1889,no,yes,Area Marketing Manager-Ahilyanagar (Agriculture background only) · Responsible for leading demand generation activities and deliver the liquidation goals as per ...
workday,cochlear,post,Digital Marketing Manager - Myworkdayjobs.com,https://cochlear.wd3.myworkdayjobs.com/Cochlear_Careers/job/Mumbai-India/Digital-Marketing-Manager_R-623319/apply/applyManually,no,yes,"... demand generation activity within South Asia. The position is responsible for campaign planning, campaign development and execution, target audience ..."
workday,evonik,post,Strategic Marketing Manager Asia excluding India Subcontinent,https://evonik.wd3.myworkdayjobs.com/en-US/External_Careers/job/Singapore---Int-Business-Park/Strategic-Marketing-Manager-Asia-excluding-India-Subcontinent_R46688/apply/applyManually,yes,yes,Back to Job Posting. Strategic Marketing Manager Asia excluding India Subcontinent. current step 1 of 5. step 2 of 5. step 3 of 5. step 4 of 5. step 5 of 5 ...
workday,thoughtspot,post,Senior Product Marketing Manager - Myworkdayjobs.com,https://thoughtspot.wd5.myworkdayjobs.com/en-US/careers/job/Senior-Product-Marketing-Manager_JR2103,no,yes,4 days ago · We are looking for a Senior Product Marketing Manager to contribute to our global product marketing strategy and execution for our analytics ...
workday,gsknch,post,Digital Marketing Manager - Myworkdayjobs.com,https://gsknch.wd3.myworkdayjobs.com/it-IT/GSKCareers/job/India---Haryana---Gurgaon/Digital-Marketing-Manager_543276,no,yes,"Digital Marketing Manager · Monitor online trends, viral topics, and cultural moments to create relevant & timely content for the brand · Leverage trending ..."
workday,csagroup,post,"Marketing Manager, India - Logo - Myworkdayjobs.com",https://csagroup.wd3.myworkdayjobs.com/fr-CA/csagroup/job/Marketing-Manager--India_R004586,yes,yes,We are looking for an experienced and creative strategic Marketing Manager to join an innovative marketing team that plays a critical role in the growth of CSA ...
workday,salesforce,post,Product Marketing Lead - Myworkdayjobs.com,https://salesforce.wd12.myworkdayjobs.com/en-US/External_Career_Site/job/India---Bangalore/Product-Marketing-Lead_JR340708?locations=2c2bf80869591012453ab08dba870000&locations=8ef61f627eb01012453a9ce004d20000&locations=1038e944b1101012453f5b10dc370000,no,yes,"5 or more years of product marketing experience with experience delivering compelling, breakthrough content in an enterprise software ..."
workday,gsk,post,Consumer Marketing Manager,https://gsk.wd5.myworkdayjobs.com/en-US/GSKCareers/job/India---Maharashtra---Worli-Mumbai/Consumer-Marketing-Manager_440465-1/apply/applyManually,yes,yes,"... India. You will turn customer insight into clear, measurable plans and ... Consumer Marketing Manager. current step 1 of 6. step 2 of 6. step 3 of 6. step ..."
workday,ghc,post,Senior Product Marketing Manager - Myworkdayjobs.com,https://ghc.wd1.myworkdayjobs.com/en-US/Kaplan_International_Careers/job/Senior-Product-Marketing-Manager_JR244369,no,yes,We're looking for an experienced and strategic Senior Product Marketing Manager to lead the promotion of Kaplan's US university partner programs to global ...
workday,bf,post,Head of Trade Marketing - India Area - Myworkdayjobs.com,https://bf.wd5.myworkdayjobs.com/es/International/job/National-Trade-Marketing-Manager---India-Area_JR-00009827-1,yes,yes,"As National Trade Marketing Manager, you will be responsible for developing and driving high quality and effective implementation of trade marketing strategies ..."
workday,jll,post,"Senior Director - Marketing, India - Myworkdayjobs.com",https://jll.wd1.myworkdayjobs.com/en-GB/jllcareers/job/Senior-Director---Marketing--India_REQ498992-1,yes,yes,"8 May 2026 · ... Demand Generation: Partner with REMS leadership and global ... Reports to: Head of Marketing, India. Direct Reports: 2. This role ..."
workday,diageo,post,State Customer Marketing Manager,https://diageo.wd3.myworkdayjobs.com/en-US/Diageo_Careers/job/Mumbai-India/State-Customer-Marketing-Manager_JR1125841/apply/applyManually,no,yes,"Job Description : Job Title: State Customer Marketing Manager About the Function: Our Sales team love building relationships, connecting with customers to ..."
workday,clarivate,post,Marketing Operations Manager - Webinar Hosting & Execution,https://clarivate.wd3.myworkdayjobs.com/jobs/job/India---Bangalore/Marketing-Operations-Manager---Webinar-Hosting---Execution_JREQ135467/apply,no,yes,"We are looking for a Marketing Operations Manager who will oversee complex marketing workflows, manage our global webinar operations, and serve as the ..."